"Game Title","Region","Artist","Song Title"
"SingStar (Europe, Australia)","Europe/Australia","a-ha","Take On Me"
"SingStar (Europe, Australia)","Europe/Australia","Atomic Kitten","Eternal Flame"
"SingStar (Europe, Australia)","Europe/Australia","Avril Lavigne","Complicated"
"SingStar (Europe, Australia)","Europe/Australia","Blondie","Heart Of Glass"
"SingStar (Europe, Australia)","Europe/Australia","Blue","One Love"
"SingStar (Europe, Australia)","Europe/Australia","Busted","Crashed the Wedding"
"SingStar (Europe, Australia)","Europe/Australia","Carl Douglas","Kung Fu Fighting"
"SingStar (Europe, Australia)","Europe/Australia","The Darkness","I Believe In A Thing Called Love"
"SingStar (Europe, Australia)","Europe/Australia","Deee-Lite","Groove Is In The Heart"
"SingStar (Europe, Australia)","Europe/Australia","Dido","Thank You"
"SingStar (Europe, Australia)","Europe/Australia","Elvis Presley","Suspicious Minds"
"SingStar (Europe, Australia)","Europe/Australia","Good Charlotte","Girls & Boys"
"SingStar (Europe, Australia)","Europe/Australia","Jamelia","Superstar"
"SingStar (Europe, Australia)","Europe/Australia","Liberty X","Just A Little"
"SingStar (Europe, Australia)","Europe/Australia","Madonna","Like A Virgin"
"SingStar (Europe, Australia)","Europe/Australia","Mis-Teeq","Scandalous"
"SingStar (Europe, Australia)","Europe/Australia","P!nk","Get The Party Started"
"SingStar (Europe, Australia)","Europe/Australia","Ricky Martin","Livin' La Vida Loca"
"SingStar (Europe, Australia)","Europe/Australia","Roy Orbison","Oh, Pretty Woman"
"SingStar (Europe, Australia)","Europe/Australia","Sugababes","Round Round"
"SingStar (Europe, Australia)","Europe/Australia","Village People","Y.M.C.A."
"SingStar '90s (Europe, Australia)","Europe/Australia","All Saints","Never Ever"
"SingStar '90s (Europe, Australia)","Europe/Australia","Aqua","Barbie Girl"
"SingStar '90s (Europe, Australia)","Europe/Australia","B-52's","Love Shack"
"SingStar '90s (Europe, Australia)","Europe/Australia","Barenaked Ladies","One Week"
"SingStar '90s (Europe, Australia)","Europe/Australia","Billy Ray Cyrus","Achy Breaky Heart"
"SingStar '90s (Europe, Australia)","Europe/Australia","Crash Test Dummies","Mmm Mmm Mmm Mmm"
"SingStar '90s (Europe, Australia)","Europe/Australia","Divinyls","I Touch Myself"
"SingStar '90s (Europe, Australia)","Europe/Australia","EMF","Unbelievable"
"SingStar '90s (Europe, Australia)","Europe/Australia","Gin Blossoms","Hey Jealousy"
"SingStar '90s (Europe, Australia)","Europe/Australia","Lisa Loeb","Stay (I Missed You)"
"SingStar '90s (Europe, Australia)","Europe/Australia","MC Hammer","U Can't Touch This"
"SingStar '90s (Europe, Australia)","Europe/Australia","Natalie Imbruglia","Torn"
"SingStar '90s (Europe, Australia)","Europe/Australia","New Kids on the Block","Step By Step"
"SingStar '90s (Europe, Australia)","Europe/Australia","Nick Cave & The Bad Seeds and Kylie Minogue","Where The Wild Roses Grow"
"SingStar '90s (Europe, Australia)","Europe/Australia","Poison","Unskinny Bop"
"SingStar '90s (Europe, Australia)","Europe/Australia","Radiohead","Creep"
"SingStar '90s (Europe, Australia)","Europe/Australia","R.E.M.","Everybody Hurts"
"SingStar '90s (Europe, Australia)","Europe/Australia","Roachford","Only To Be With You"
"SingStar '90s (Europe, Australia)","Europe/Australia","Savage Garden","I Want You"
"SingStar '90s (Europe, Australia)","Europe/Australia","Seal","Kiss From A Rose"
"SingStar '90s (Europe, Australia)","Europe/Australia","Sir Mix A Lot","Baby Got Back"
"SingStar '90s (Europe, Australia)","Europe/Australia","Spice Girls","Wannabe"
"SingStar '90s (Europe, Australia)","Europe/Australia","Spin Doctors","Two Princes"
"SingStar '90s (Europe, Australia)","Europe/Australia","Technotronic feat. Felly","Pump Up The Jam"
"SingStar '90s (Europe, Australia)","Europe/Australia","The Cardigans","Lovefool"
"SingStar '90s (Europe, Australia)","Europe/Australia","The Cranberries","Zombie"
"SingStar '90s (Europe, Australia)","Europe/Australia","The Cure","Friday I'm In Love"
"SingStar '90s (Europe, Australia)","Europe/Australia","Wet Wet Wet","Love Is All Around"
"SingStar ABBA (Europe, Australia)","Europe/Australia","ABBA","Chiquitita"
"SingStar ABBA (Europe, Australia)","Europe/Australia","ABBA","Dancing Queen"
"SingStar ABBA (Europe, Australia)","Europe/Australia","ABBA","Does Your Mother Know"
"SingStar ABBA (Europe, Australia)","Europe/Australia","ABBA","Fernando"
"SingStar ABBA (Europe, Australia)","Europe/Australia","ABBA","Gimme! Gimme! Gimme! (A Man After Midnight)"
"SingStar ABBA (Europe, Australia)","Europe/Australia","ABBA","I Do, I Do, I Do, I Do, I Do"
"SingStar ABBA (Europe, Australia)","Europe/Australia","ABBA","Knowing Me, Knowing You"
"SingStar ABBA (Europe, Australia)","Europe/Australia","ABBA","Mamma Mia"
"SingStar ABBA (Europe, Australia)","Europe/Australia","ABBA","Money, Money, Money"
"SingStar ABBA (Europe, Australia)","Europe/Australia","ABBA","One of Us"
"SingStar ABBA (Europe, Australia)","Europe/Australia","ABBA","Ring Ring"
"SingStar ABBA (Europe, Australia)","Europe/Australia","ABBA","SOS"
"SingStar ABBA (Europe, Australia)","Europe/Australia","ABBA","Summer Night City"
"SingStar ABBA (Europe, Australia)","Europe/Australia","ABBA","Super Trouper"
"SingStar ABBA (Europe, Australia)","Europe/Australia","ABBA","Take a Chance on Me"
"SingStar ABBA (Europe, Australia)","Europe/Australia","ABBA","Thank You for the Music"
"SingStar ABBA (Europe, Australia)","Europe/Australia","ABBA","The Name of the Game"
"SingStar ABBA (Europe, Australia)","Europe/Australia","ABBA","The Winner Takes It All"
"SingStar ABBA (Europe, Australia)","Europe/Australia","ABBA","Voulez-Vous"
"SingStar ABBA (Europe, Australia)","Europe/Australia","ABBA","Waterloo"
"SingStar Amped (USA)","USA","Alice In Chains","Would?"
"SingStar Amped (USA)","USA","Audioslave","Cochise"
"SingStar Amped (USA)","USA","Blind","Break Away"
"SingStar Amped (USA)","USA","Blink-182","I Miss You"
"SingStar Amped (USA)","USA","Blue Öyster Cult","(Don't Fear) The Reaper"
"SingStar Amped (USA)","USA","Bonfire","You Make Me Feel"
"SingStar Amped (USA)","USA","Boston","More Than a Feeling"
"SingStar Amped (USA)","USA","Caesars","Jerk It Out"
"SingStar Amped (USA)","USA","Cheap Trick","I Want You to Want Me"
"SingStar Amped (USA)","USA","David Bowie","Changes"
"SingStar Amped (USA)","USA","Divinyls","Boys in Town"
"SingStar Amped (USA)","USA","Faith No More","Evidence"
"SingStar Amped (USA)","USA","Faker","This Heart Attack"
"SingStar Amped (USA)","USA","Fall Out Boy","This Ain't a Scene, It's an Arms Race"
"SingStar Amped (USA)","USA","Foo Fighters","Best of You"
"SingStar Amped (USA)","USA","Franz Ferdinand","Take Me Out"
"SingStar Amped (USA)","USA","Free","All Right Now"
"SingStar Amped (USA)","USA","Good Charlotte","Dance Floor Anthem (I Don't Want To Be In Love)"
"SingStar Amped (USA)","USA","Gotthard","Lift U Up"
"SingStar Amped (USA)","USA","Grinspoon","Chemical Heart"
"SingStar Amped (USA)","USA","Iggy Pop","Real Wild Child (Wild One)"
"SingStar Amped (USA)","USA","Judas Priest","Breaking the Law"
"SingStar Amped (USA)","USA","Judas Priest","You've Got Another Thing Comin'"
"SingStar Amped (USA)","USA","Kasabian","L. S. F. (Lost Souls Forever)"
"SingStar Amped (USA)","USA","Mando Diao","Long Before Rock n' Roll"
"SingStar Amped (USA)","USA","Motörhead","Ace of Spades"
"SingStar Amped (USA)","USA","Nickelback","Savin' Me"
"SingStar Amped (USA)","USA","Nirvana","Come as You Are"
"SingStar Amped (USA)","USA","O.A.R.","Love and Memories"
"SingStar Amped (USA)","USA","Pearl Jam","Alive"
"SingStar Amped (USA)","USA","Poison","Every Rose Has Its Thorn"
"SingStar Amped (USA)","USA","Queens of the Stone Age","Go with the Flow"
"SingStar Amped (USA)","USA","Quiet Riot","Cum on Feel the Noize"
"SingStar Amped (USA)","USA","Radiohead","Creep"
"SingStar Amped (USA)","USA","Ramones","Blitzkrieg Bop"
"SingStar Amped (USA)","USA","Regurgitator","Black Bugs"
"SingStar Amped (USA)","USA","Robert Palmer","Addicted to Love"
"SingStar Amped (USA)","USA","Scorpions","Rock You Like a Hurricane"
"SingStar Amped (USA)","USA","Silverchair","The Greatest View"
"SingStar Amped (USA)","USA","Soul Asylum","Runaway Train"
"SingStar Amped (USA)","USA","Spiderbait","Blackbetty"
"SingStar Amped (USA)","USA","Steppenwolf","Born to Be Wild"
"SingStar Amped (USA)","USA","Stone Temple Pilots","Vasoline"
"SingStar Amped (USA)","USA","Sublime","Santeria"
"SingStar Amped (USA)","USA","Talking Heads","Burning Down the House"
"SingStar Amped (USA)","USA","The Choirboys","Run to Paradise"
"SingStar Amped (USA)","USA","The Cure","Primary"
"SingStar Amped (USA)","USA","The Hives","Walk Idiot Walk"
"SingStar Amped (USA)","USA","The Killers","When You Were Young"
"SingStar Amped (USA)","USA","The Mighty Mighty Bosstones","The Impression That I Get"
"SingStar Amped (USA)","USA","The Saints","I'm Stranded"
"SingStar Amped (USA)","USA","The Subways","Rock & Roll Queen"
"SingStar Amped (USA)","USA","Tonic","If You Could Only See"
"SingStar Amped (USA)","USA","T. Rex","20th Century Boy"
"SingStar Amped (USA)","USA","Warrant","Cherry Pie"
"SingStar Amped (USA)","USA","Wolfmother","Woman"
"SingStar Amped (USA)","USA","Yeah Yeah Yeahs","Gold Lion"
"SingStar Amped (USA)","USA","Yes","Owner of a Lonely Heart"
"SingStar Amped (USA)","USA","ZZ Top","Gimme All Your Lovin'"
"SingStar Boy Bands vs Girl Bands (Europe)","Europe","5ive","Keep on Movin'"
"SingStar Boy Bands vs Girl Bands (Europe)","Europe","All Saints","Pure Shores"
"SingStar Boy Bands vs Girl Bands (Europe)","Europe","B*Witched","C'est La Vie"
"SingStar Boy Bands vs Girl Bands (Europe)","Europe","Backstreet Boys","Everybody (Backstreet's Back)"
"SingStar Boy Bands vs Girl Bands (Europe)","Europe","Bananarama","Venus"
"SingStar Boy Bands vs Girl Bands (Europe)","Europe","Boyzone","Picture of You"
"SingStar Boy Bands vs Girl Bands (Europe)","Europe","Damage","Ghetto Romance"
"SingStar Boy Bands vs Girl Bands (Europe)","Europe","East 17","Deep"
"SingStar Boy Bands vs Girl Bands (Europe)","Europe","Girls Aloud","Love Machine"
"SingStar Boy Bands vs Girl Bands (Europe)","Europe","Jackson 5","I Want You Back"
"SingStar Boy Bands vs Girl Bands (Europe)","Europe","Mel & Kim","Respectable"
"SingStar Boy Bands vs Girl Bands (Europe)","Europe","New Kids on the Block","You Got It (The Right Stuff)"
"SingStar Boy Bands vs Girl Bands (Europe)","Europe","New Order","Blue Monday"
"SingStar Boy Bands vs Girl Bands (Europe)","Europe","Pussycat Dolls","Don't Cha"
"SingStar Boy Bands vs Girl Bands (Europe)","Europe","Salt-N-Pepa","Push It"
"SingStar Boy Bands vs Girl Bands (Europe)","Europe","Shakespears Sister","Stay"
"SingStar Boy Bands vs Girl Bands (Europe)","Europe","Spice Girls","Stop"
"SingStar Boy Bands vs Girl Bands (Europe)","Europe","Sugababes","About You Now"
"SingStar Boy Bands vs Girl Bands (Europe)","Europe","Take That","Patience"
"SingStar Boy Bands vs Girl Bands (Europe)","Europe","TLC","Waterfalls"
"SingStar Boy Bands vs Girl Bands (Europe)","Europe","Village People","Y.M.C.A."
"SingStar Boy Bands vs Girl Bands (Europe)","Europe","Wham!","Wake Me Up Before You Go-Go"
"SingStar Chart Hits (Australia)","Australia","Amy Winehouse","Rehab"
"SingStar Chart Hits (Australia)","Australia","Coldplay","Viva La Vida"
"SingStar Chart Hits (Australia)","Australia","Cyndi Lauper","Girls Just Want to Have Fun"
"SingStar Chart Hits (Australia)","Australia","David Guetta ft. Kelly Rowland","When Love Takes Over"
"SingStar Chart Hits (Australia)","Australia","Duffy","Mercy"
"SingStar Chart Hits (Australia)","Australia","Florence + The Machine","Dog Days Are Over"
"SingStar Chart Hits (Australia)","Australia","Katy Perry","Hot N Cold"
"SingStar Chart Hits (Australia)","Australia","Lady Gaga","Just Dance"
"SingStar Chart Hits (Australia)","Australia","Metro Station","Shake It"
"SingStar Chart Hits (Australia)","Australia","Mika","Grace Kelly"
"SingStar Chart Hits (Australia)","Australia","MGMT","Kids"
"SingStar Chart Hits (Australia)","Australia","OneRepublic","Apologize"
"SingStar Chart Hits (Australia)","Australia","P!nk","So What"
"SingStar Chart Hits (Australia)","Australia","Plain White T's","Hey There Delilah"
"SingStar Chart Hits (Australia)","Australia","Razorlight","America"
"SingStar Chart Hits (Australia)","Australia","Rihanna","Take A Bow"
"SingStar Chart Hits (Australia)","Australia","Robbie Williams","Bodies"
"SingStar Chart Hits (Australia)","Australia","The Fray","You Found Me"
"SingStar Chart Hits (Australia)","Australia","The Pussycat Dolls","When I Grow Up"
"SingStar Chart Hits (Australia)","Australia","The Script","Breakeven"
"SingStar Chart Hits (Australia)","Australia","U2","With or Without You"
"SingStar Chart Hits (Australia)","Australia","Vanessa Carlton","A Thousand Miles"
"SingStar Country (USA)","USA","Alan Jackson","Chattahoochee"
"SingStar Country (USA)","USA","Brad Paisley","Online"
"SingStar Country (USA)","USA","Brooks & Dunn","Hillbilly Deluxe"
"SingStar Country (USA)","USA","Carrie Underwood","Before He Cheats"
"SingStar Country (USA)","USA","Gretchen Wilson","Redneck Woman"
"SingStar Country (USA)","USA","Jewel","Stronger Woman"
"SingStar Country (USA)","USA","Johnny Cash","A Boy Named Sue"
"SingStar Country (USA)","USA","Kenny Chesney","Big Star"
"SingStar Country (USA)","USA","Lady Antebellum","Love Don't Live Here"
"SingStar Country (USA)","USA","LeAnn Rimes","Can't Fight the Moonlight"
"SingStar Country (USA)","USA","Montgomery Gentry","My Town"
"SingStar Country (USA)","USA","Pussycat Dolls","Don't Cha (PS2 Version - Cross-reference for regional variations)"
"SingStar Country (USA)","USA","Rascal Flatts","Life is a Highway"
"SingStar Country (USA)","USA","Sara Evans","Born to Fly"
"SingStar Country (USA)","USA","Taylor Swift","Tear Drops on My Guitar"
"SingStar Country (USA)","USA","The Band Perry","If I Die Young"
"SingStar Country (USA)","USA","Trace Adkins","Honky Tonk Badonkadonk"
"SingStar Country (USA)","USA","Trisha Yearwood","She's In Love With The Boy"
"SingStar Country (USA)","USA","Willie Nelson","Always On My Mind"
"SingStar Hottest Hits (Europe, Australia)","Europe/Australia","Avril Lavigne","Complicated"
"SingStar Hottest Hits (Europe, Australia)","Europe/Australia","Britney Spears","Oops!... I Did It Again"
"SingStar Hottest Hits (Europe, Australia)","Europe/Australia","Cascada","Everytime We Touch"
"SingStar Hottest Hits (Europe, Australia)","Europe/Australia","Chris Brown","With You"
"SingStar Hottest Hits (Europe, Australia)","Europe/Australia","Coldplay","Viva La Vida"
"SingStar Hottest Hits (Europe, Australia)","Europe/Australia","David Guetta feat. Kelly Rowland","When Love Takes Over"
"SingStar Hottest Hits (Europe, Australia)","Europe/Australia","Duffy","Mercy"
"SingStar Hottest Hits (Europe, Australia)","Europe/Australia","Empire of the Sun","Walking On A Dream"
"SingStar Hottest Hits (Europe, Australia)","Europe/Australia","Fergie","Big Girls Don't Cry"
"SingStar Hottest Hits (Europe, Australia)","Europe/Australia","Gossip","Heavy Cross"
"SingStar Hottest Hits (Europe, Australia)","Europe/Australia","Katy Perry","Hot N Cold"
"SingStar Hottest Hits (Europe, Australia)","Europe/Australia","Kings of Leon","Sex on Fire"
"SingStar Hottest Hits (Europe, Australia)","Europe/Australia","Lady Gaga","Poker Face"
"SingStar Hottest Hits (Europe, Australia)","Europe/Australia","Lily Allen","The Fear"
"SingStar Hottest Hits (Europe, Australia)","Europe/Australia","Mika","Grace Kelly"
"SingStar Hottest Hits (Europe, Australia)","Europe/Australia","Miley Cyrus","7 Things"
"SingStar Hottest Hits (Europe, Australia)","Europe/Australia","OneRepublic","Apologize"
"SingStar Hottest Hits (Europe, Australia)","Europe/Australia","P!nk","So What"
"SingStar Hottest Hits (Europe, Australia)","Europe/Australia","Rihanna","Don't Stop The Music"
"SingStar Hottest Hits (Europe, Australia)","Europe/Australia","Sugababes","About You Now"
"SingStar Hottest Hits (Europe, Australia)","Europe/Australia","Take That","Shine"
"SingStar Hottest Hits (Europe, Australia)","Europe/Australia","The Killers","When You Were Young"
"SingStar Hottest Hits (Europe, Australia)","Europe/Australia","The Script","Breakeven"
"SingStar Hottest Hits (Europe, Australia)","Europe/Australia","U2","Vertigo"
"SingStar Legends (Europe)","Europe","Aretha Franklin","Respect"
"SingStar Legends (Europe)","Europe","Barry White","You're the First, the Last, My Everything"
"SingStar Legends (Europe)","Europe","Black Sabbath","Paranoid"
"SingStar Legends (Europe)","Europe","Blur","Parklife"
"SingStar Legends (Europe)","Europe","Bonnie Tyler","Total Eclipse of the Heart"
"SingStar Legends (Europe)","Europe","David Bowie","Life on Mars?"
"SingStar Legends (Europe)","Europe","Depeche Mode","Enjoy the Silence"
"SingStar Legends (Europe)","Europe","Dusty Springfield","Son of a Preacher Man"
"SingStar Legends (Europe)","Europe","Ella Fitzgerald and Louis Armstrong","Let's Call the Whole Thing Off"
"SingStar Legends (Europe)","Europe","Elton John","I'm Still Standing"
"SingStar Legends (Europe)","Europe","Elton John","Rocket Man"
"SingStar Legends (Europe)","Europe","Elvis Presley","Blue Suede Shoes"
"SingStar Legends (Europe)","Europe","Jackie Wilson","Reet Petite"
"SingStar Legends (Europe)","Europe","Jackson 5","I Want You Back"
"SingStar Legends (Europe)","Europe","James Brown","I Got You (I Feel Good)"
"SingStar Legends (Europe)","Europe","John Lennon","Imagine"
"SingStar Legends (Europe)","Europe","Johnny Cash","Ring of Fire"
"SingStar Legends (Europe)","Europe","Joy Division","Love Will Tear Us Apart"
"SingStar Legends (Europe)","Europe","Lynyrd Skynyrd","Sweet Home Alabama"
"SingStar Legends (Europe)","Europe","Madonna","Papa Don't Preach"
"SingStar Legends (Europe)","Europe","Marvin Gaye","I Heard It Through the Grapevine"
"SingStar Legends (Europe)","Europe","Michael McDonald","I Keep Forgettin' (Every Time You Go Near)"
"SingStar Legends (Europe)","Europe","Nirvana","Smells Like Teen Spirit"
"SingStar Legends (Europe)","Europe","Patsy Cline","Crazy"
"SingStar Legends (Europe)","Europe","Pet Shop Boys","Always on My Mind"
"SingStar Legends (Europe)","Europe","Ray Charles","Hit the Road Jack"
"SingStar Legends (Europe)","Europe","Roxy Music","Love Is the Drug"
"SingStar Legends (Europe)","Europe","Sam Cooke","Wonderful World"
"SingStar Legends (Europe)","Europe","Take That","Back For Good"
"SingStar Legends (Europe)","Europe","The Beach Boys","Surfin' U.S.A."
"SingStar Legends (Europe)","Europe","The Police","Roxanne"
"SingStar Legends (Europe)","Europe","The Righteous Brothers","Unchained Melody"
"SingStar Legends (Europe)","Europe","The Rolling Stones","Sympathy for the Devil"
"SingStar Legends (Europe)","Europe","The Smiths","This Charming Man"
"SingStar Legends (Europe)","Europe","Tina Turner","What's Love Got to Do With It?"
"SingStar Legends (Europe)","Europe","Tom Jones","What's New Pussycat?"
"SingStar Legends (Europe)","Europe","U2","Vertigo"
"SingStar Norsk pa Norsk (Norway)","Norway","CC Cowboys","Tigergutt"
"SingStar Norsk pa Norsk (Norway)","Norway","CC Cowboys","Vill, vakker og våt"
"SingStar Norsk pa Norsk (Norway)","Norway","CC Cowboys","Harry"
"SingStar Norsk pa Norsk (Norway)","Norway","D.D.E.","Rompa mi"
"SingStar Norsk pa Norsk (Norway)","Norway","D.D.E.","Det går likar no"
"SingStar Norsk pa Norsk (Norway)","Norway","D.D.E.","E6"
"SingStar Norsk pa Norsk (Norway)","Norway","deLillos","Neste sommer"
"SingStar Norsk pa Norsk (Norway)","Norway","deLillos","Smak av honning"
"SingStar Norsk pa Norsk (Norway)","Norway","deLillos","Min beibi dro av sted"
"SingStar Norsk pa Norsk (Norway)","Norway","deLillos","Ut"
"SingStar Norsk pa Norsk (Norway)","Norway","Jahn Teigen","Min første kjærlighet"
"SingStar Norsk pa Norsk (Norway)","Norway","Jahn Teigen","Det vakreste som fins"
"SingStar Norsk pa Norsk (Norway)","Norway","Jahn Teigen","Optimist"
"SingStar Norsk pa Norsk (Norway)","Norway","Postgirobygget","Sløv uten dop"
"SingStar Norsk pa Norsk (Norway)","Norway","Postgirobygget","En solskinnsdag"
"SingStar Norsk pa Norsk (Norway)","Norway","Postgirobygget","23 tommer"
"SingStar Norsk pa Norsk (Norway)","Norway","Postgirobygget","Idyll"
"SingStar Norsk pa Norsk (Norway)","Norway","Trang Fødsel","Kursiv"
"SingStar Norsk pa Norsk (Norway)","Norway","Trang Fødsel","Livet det er helt ålreit"
"SingStar Norsk pa Norsk (Norway)","Norway","Trang Fødsel","Drømmedame"
"SingStar Norske Hits (Norway)","Norway","a-ha","The Sun Always Shines on TV"
"SingStar Norske Hits (Norway)","Norway","Annie","Heartbeat"
"SingStar Norske Hits (Norway)","Norway","Arne Schau Knudsen","Gal av lengsel"
"SingStar Norske Hits (Norway)","Norway","Avril Lavigne","Sk8er Boi"
"SingStar Norske Hits (Norway)","Norway","Beyonce","Crazy in Love"
"SingStar Norske Hits (Norway)","Norway","Bigbang","Girl in Oslo"
"SingStar Norske Hits (Norway)","Norway","The Clash","Should I Stay or Should I Go?"
"SingStar Norske Hits (Norway)","Norway","David","Wild At Heart"
"SingStar Norske Hits (Norway)","Norway","Dollie","Lenge Leve Livet"
"SingStar Norske Hits (Norway)","Norway","DumDum Boys","Splitter Pine"
"SingStar Norske Hits (Norway)","Norway","Hoobastank","The Reason"
"SingStar Norske Hits (Norway)","Norway","Jan Eggum","På an igjen"
"SingStar Norske Hits (Norway)","Norway","Joss Stone","Super Duper Love (Are You Digging On Me?)"
"SingStar Norske Hits (Norway)","Norway","Kaptein Sabeltann","Vi seiler vår egen sjø"
"SingStar Norske Hits (Norway)","Norway","The Kids","Forelska i lærer’n"
"SingStar Norske Hits (Norway)","Norway","Kine","In the air tonight"
"SingStar Norske Hits (Norway)","Norway","Kylie Minogue","In Your Eyes"
"SingStar Norske Hits (Norway)","Norway","Manfred Mann","Do Wah Diddy"
"SingStar Norske Hits (Norway)","Norway","Maria Mena","My Lullaby"
"SingStar Norske Hits (Norway)","Norway","The Monroes","Sunday people"
"SingStar Norske Hits (Norway)","Norway","Opus X","Loving you girl"
"SingStar Norske Hits (Norway)","Norway","Philip & Sandra","Sommerflørt"
"SingStar Norske Hits (Norway)","Norway","Robbie Williams","Let Me Entertain You"
"SingStar Norske Hits (Norway)","Norway","Rune Rudberg","Ut mot havet"
"SingStar Norske Hits (Norway)","Norway","The September When","Cries like a baby"
"SingStar Norske Hits (Norway)","Norway","Sister Sledge","We are family"
"SingStar Norske Hits (Norway)","Norway","Sputnik","Lukk opp din hjertedør"
"SingStar Norske Hits (Norway)","Norway","Steppenwolf","Born to be Wild"
"SingStar Norske Hits (Norway)","Norway","Tine","Vil Ha Deg"
"SingStar Norske Hits (Norway)","Norway","Tom Jones","It’s not unusual"
"SingStar Party (Europe, Australia)","Europe/Australia","Alicia Keys","Fallin'"
"SingStar Party (Europe, Australia)","Europe/Australia","Ashford & Simpson","Solid"
"SingStar Party (Europe, Australia)","Europe/Australia","Bananarama","Venus"
"SingStar Party (Europe, Australia)","Europe/Australia","Bill Withers","Ain't No Sunshine"
"SingStar Party (Europe, Australia)","Europe/Australia","Billy Crawford","Bright Light"
"SingStar Party (Europe, Australia)","Europe/Australia","Blu Cantrell","Hit 'Em Up Style (Oops!)"
"SingStar Party (Europe, Australia)","Europe/Australia","Bob Marley and the Wailers","No Woman No Cry"
"SingStar Party (Europe, Australia)","Europe/Australia","The Buggles","Video Killed the Radio Star"
"SingStar Party (Europe, Australia)","Europe/Australia","Busted","Year 3000"
"SingStar Party (Europe, Australia)","Europe/Australia","Culture Club","Do You Really Want to Hurt Me"
"SingStar Party (Europe, Australia)","Europe/Australia","Cyndi Lauper","Girls Just Want to Have Fun"
"SingStar Party (Europe, Australia)","Europe/Australia","David Lee Roth","Just a Gigolo/I Ain't Got Nobody"
"SingStar Party (Europe, Australia)","Europe/Australia","Destiny's Child","Survivor"
"SingStar Party (Europe, Australia)","Europe/Australia","Dido","White Flag"
"SingStar Party (Europe, Australia)","Europe/Australia","Duran Duran","Hungry Like the Wolf"
"SingStar Party (Europe, Australia)","Europe/Australia","Elton John & Kiki Dee","Don't Go Breaking My Heart"
"SingStar Party (Europe, Australia)","Europe/Australia","Elvis Presley","Way Down"
"SingStar Party (Europe, Australia)","Europe/Australia","Franz Ferdinand","Take Me Out"
"SingStar Party (Europe, Australia)","Europe/Australia","George Michael","Faith"
"SingStar Party (Europe, Australia)","Europe/Australia","Jamiroquai","Cosmic Girl"
"SingStar Party (Europe, Australia)","Europe/Australia","Javine","Real Things"
"SingStar Party (Europe, Australia)","Europe/Australia","Kylie Minogue","I Should Be So Lucky"
"SingStar Party (Europe, Australia)","Europe/Australia","Little Richard","Tutti Frutti"
"SingStar Party (Europe, Australia)","Europe/Australia","Maroon 5","This Love"
"SingStar Party (Europe, Australia)","Europe/Australia","Natasha Bedingfield","Single"
"SingStar Party (Europe, Australia)","Europe/Australia","New Model Army","51st State of America"
"SingStar Party (Europe, Australia)","Europe/Australia","P!nk","Just Like a Pill"
"SingStar Party (Europe, Australia)","Europe/Australia","Scissor Sisters","Take Your Mama"
"SingStar Party (Europe, Australia)","Europe/Australia","Sonny & Cher","I Got You Babe"
"SingStar Party (Europe, Australia)","Europe/Australia","Spandau Ballet","Gold"
"SingStar Party (Europe, Australia)","Europe/Australia","Spice Girls","Who Do You Think You Are"
"SingStar Party (Europe, Australia)","Europe/Australia","The Beautiful South","A Little Time"
"SingStar Party (Europe, Australia)","Europe/Australia","The Foundations","Build Me Up Buttercup"
"SingStar Party (Europe, Australia)","Europe/Australia","The Police","Every Breath You Take"
"SingStar Party (Europe, Australia)","Europe/Australia","Tiffany","I Think We're Alone Now"
"SingStar Pop (Europe)","Europe","The All-American Rejects","Move Along"
"SingStar Pop (Europe)","Europe","Anastacia","Left Outside Alone"
"SingStar Pop (Europe)","Europe","The Black Eyed Peas","Shut Up"
"SingStar Pop (Europe)","Europe","Girls Aloud","Love Machine"
"SingStar Pop (Europe)","Europe","Good Charlotte","I Wanna Live"
"SingStar Pop (Europe)","Europe","The Hives","Main Offender"
"SingStar Pop (Europe)","Europe","Hoobastank","The Reason"
"SingStar Pop (Europe)","Europe","Jamelia","Stop!"
"SingStar Pop (Europe)","Europe","Keane","Somewhere Only We Know"
"SingStar Pop (Europe)","Europe","Kings of Leon","The Bucket"
"SingStar Pop (Europe)","Europe","Manfred Mann","Do Wah Diddy"
"SingStar Pop (Europe)","Europe","McFly","Obviously"
"SingStar Pop (Europe)","Europe","Natasha Bedingfield","These Words"
"SingStar Pop (Europe)","Europe","The Police","Every Breath You Take"
"SingStar Pop (Europe)","Europe","Robbie Williams","Let Me Entertain You"
"SingStar Pop (Europe)","Europe","Ronan Keating & Yusuf Islam","Father And Son"
"SingStar Pop (Europe)","Europe","Sister Sledge","We Are Family"
"SingStar Pop (Europe)","Europe","Steppenwolf","Born to Be Wild"
"SingStar Pop (Europe)","Europe","The Clash","Should I Stay or Should I Go"
"SingStar Pop (Europe)","Europe","Tom Jones","It's Not Unusual"
"SingStar Pop Hits (Scandinavia)","Scandinavia","Ashlee Simpson","Pieces Of Me"
"SingStar Pop Hits (Scandinavia)","Scandinavia","Avril Lavigne","Sk8er Boi"
"SingStar Pop Hits (Scandinavia)","Scandinavia","Beyoncé","Crazy in Love"
"SingStar Pop Hits (Scandinavia)","Scandinavia","Blink-182","What's My Age Again?"
"SingStar Pop Hits (Scandinavia)","Scandinavia","Britney Spears","Toxic"
"SingStar Pop Hits (Scandinavia)","Scandinavia","Dandy Warhols","Bohemian Like You"
"SingStar Pop Hits (Scandinavia)","Scandinavia","Fountains of Wayne","Stacy's Mom"
"SingStar Pop Hits (Scandinavia)","Scandinavia","Junior Senior","Move Your Feet"
"SingStar Pop Hits (Scandinavia)","Scandinavia","Kylie Minogue","In Your Eyes"
"SingStar Pop Hits (Scandinavia)","Scandinavia","OutKast","Roses"
"SingStar Pop Hits (Scandinavia)","Scandinavia","Robbie Williams & Kylie Minogue","Kids"
"SingStar Pop Hits (Scandinavia)","Scandinavia","Sophie Ellis-Bextor","Murder on the Dancefloor"
"SingStar Pop Hits (Scandinavia)","Scandinavia","Sugababes","Round Round"
"SingStar Pop Hits (Scandinavia)","Scandinavia","The Cardigans","Lovefool"
"SingStar Pop Hits (Scandinavia)","Scandinavia","The Killers","Mr. Brightside"
"SingStar Pop Hits (Scandinavia)","Scandinavia","Tom Jones","It's Not Unusual"
"SingStar Pop Vol. 2 (USA)","USA","3 Doors Down","When I'm Gone"
"SingStar Pop Vol. 2 (USA)","USA","Ashlee Simpson","Boyfriend"
"SingStar Pop Vol. 2 (USA)","USA","Avril Lavigne","My Happy Ending"
"SingStar Pop Vol. 2 (USA)","USA","Boys Like Girls","The Great Escape"
"SingStar Pop Vol. 2 (USA)","USA","Cartel","Lose It"
"SingStar Pop Vol. 2 (USA)","USA","Colbie Caillat","Bubbly"
"SingStar Pop Vol. 2 (USA)","USA","Dixie Chicks","Not Ready To Make Nice"
"SingStar Pop Vol. 2 (USA)","USA","Duran Duran","Ordinary World"
"SingStar Pop Vol. 2 (USA)","USA","Evanescence","Bring Me To Life"
"SingStar Pop Vol. 2 (USA)","USA","Fall Out Boy","Thnks Fr Th Mmrs"
"SingStar Pop Vol. 2 (USA)","USA","Fergie","Big Girls Don't Cry"
"SingStar Pop Vol. 2 (USA)","USA","Gwen Stefani ft. Akon","The Sweet Escape"
"SingStar Pop Vol. 2 (USA)","USA","Jennifer Lopez","Jenny From the Block"
"SingStar Pop Vol. 2 (USA)","USA","Lifehouse","First Time"
"SingStar Pop Vol. 2 (USA)","USA","Lily Allen","Littlest Things"
"SingStar Pop Vol. 2 (USA)","USA","Lloyd","Get it Shawty"
"SingStar Pop Vol. 2 (USA)","USA","Maroon 5","Makes Me Wonder"
"SingStar Pop Vol. 2 (USA)","USA","Matchbox Twenty","How Far We've Come"
"SingStar Pop Vol. 2 (USA)","USA","Michelle Branch","Breathe"
"SingStar Pop Vol. 2 (USA)","USA","Nelly Furtado","Promiscuous"
"SingStar Pop Vol. 2 (USA)","USA","Norah Jones","Don't Know Why"
"SingStar Pop Vol. 2 (USA)","USA","P!nk","Who Knew"
"SingStar Pop Vol. 2 (USA)","USA","Peter Bjorn and John","Young Folks"
"SingStar Pop Vol. 2 (USA)","USA","Plain White T's","Hey There Delilah"
"SingStar Pop Vol. 2 (USA)","USA","Rihanna","Umbrella"
"SingStar Pop Vol. 2 (USA)","USA","Santana ft. Chad Kroeger","Into The Night"
"SingStar Pop Vol. 2 (USA)","USA","Steriogram","Walkie Talkie Man"
"SingStar Pop Vol. 2 (USA)","USA","Sum 41","Fat Lip"
"SingStar Pop Vol. 2 (USA)","USA","The Hives","Tick Tick Boom"
"SingStar Popworld (UK)","UK","Annie","Heartbeat"
"SingStar Popworld (UK)","UK","Ashlee Simpson","Pieces of Me"
"SingStar Popworld (UK)","UK","Avril Lavigne","Sk8er Boi"
"SingStar Popworld (UK)","UK","Beyoncé","Crazy in Love"
"SingStar Popworld (UK)","UK","Black Eyed Peas","Shut Up"
"SingStar Popworld (UK)","UK","Blink-182","What's My Age Again?"
"SingStar Popworld (UK)","UK","Dandy Warhols","Bohemian Like You"
"SingStar Popworld (UK)","UK","Eric B. and Rakim","Paid in Full"
"SingStar Popworld (UK)","UK","Fountains of Wayne","Stacy's Mom"
"SingStar Popworld (UK)","UK","Girls Aloud","Love Machine"
"SingStar Popworld (UK)","UK","Good Charlotte","I Wanna Live"
"SingStar Popworld (UK)","UK","The Hives","Main Offender"
"SingStar Popworld (UK)","UK","Hoobastank","The Reason"
"SingStar Popworld (UK)","UK","Jamelia","Stop"
"SingStar Popworld (UK)","UK","Jay Sean","Eyes on You"
"SingStar Popworld (UK)","UK","Joss Stone","Super Duper Love (Are You Diggin On Me?)"
"SingStar Popworld (UK)","UK","Keane","Somewhere Only We Know"
"SingStar Popworld (UK)","UK","Kylie Minogue","In Your Eyes"
"SingStar Popworld (UK)","UK","Manfred Mann","Do Wah Diddy"
"SingStar Popworld (UK)","UK","Marilyn Manson","Personal Jesus"
"SingStar Popworld (UK)","UK","McFly","Obviously"
"SingStar Popworld (UK)","UK","Natasha Bedingfield","These Words"
"SingStar Popworld (UK)","UK","OutKast","Roses"
"SingStar Popworld (UK)","UK","Robbie Williams","Let Me Entertain You"
"SingStar Popworld (UK)","UK","Robbie Williams & Kylie Minogue","Kids"
"SingStar Popworld (UK)","UK","Ronan Keating & Yusuf Islam","Father and Son"
"SingStar Popworld (UK)","UK","Sister Sledge","We Are Family"
"SingStar Popworld (UK)","UK","Steppenwolf","Born To Be Wild"
"SingStar Popworld (UK)","UK","The Clash","Should I Stay or Should I Go"
"SingStar Popworld (UK)","UK","Tom Jones","It's Not Unusual"
"SingStar Queen (Europe, Australia)","Europe/Australia","Queen","A Kind Of Magic"
"SingStar Queen (Europe, Australia)","Europe/Australia","Queen","Another One Bites The Dust"
"SingStar Queen (Europe, Australia)","Europe/Australia","Queen","Bicycle Race"
"SingStar Queen (Europe, Australia)","Europe/Australia","Queen","Bohemian Rhapsody"
"SingStar Queen (Europe, Australia)","Europe/Australia","Queen","Breakthru"
"SingStar Queen (Europe, Australia)","Europe/Australia","Queen","Crazy Little Thing Called Love"
"SingStar Queen (Europe, Australia)","Europe/Australia","Queen","Don't Stop Me Now"
"SingStar Queen (Europe, Australia)","Europe/Australia","Queen","Fat Bottomed Girls"
"SingStar Queen (Europe, Australia)","Europe/Australia","Queen","Hammer To Fall"
"SingStar Queen (Europe, Australia)","Europe/Australia","Queen","I Want It All"
"SingStar Queen (Europe, Australia)","Europe/Australia","Queen","I Want To Break Free"
"SingStar Queen (Europe, Australia)","Europe/Australia","Queen","Innuendo"
"SingStar Queen (Europe, Australia)","Europe/Australia","Queen","Killer Queen"
"SingStar Queen (Europe, Australia)","Europe/Australia","Queen","One Vision"
"SingStar Queen (Europe, Australia)","Europe/Australia","Queen","Play The Game"
"SingStar Queen (Europe, Australia)","Europe/Australia","Queen","Radio Ga Ga"
"SingStar Queen (Europe, Australia)","Europe/Australia","Queen","Somebody To Love"
"SingStar Queen (Europe, Australia)","Europe/Australia","Queen","These Are The Days Of Our Lives"
"SingStar Queen (Europe, Australia)","Europe/Australia","Queen","Tie Your Mother Down"
"SingStar Queen (Europe, Australia)","Europe/Australia","Queen & David Bowie","Under Pressure"
"SingStar Queen (Europe, Australia)","Europe/Australia","Queen","We Are The Champions"
"SingStar Queen (Europe, Australia)","Europe/Australia","Queen","We Will Rock You"
"SingStar Queen (Europe, Australia)","Europe/Australia","Queen","Who Wants To Live Forever"
"SingStar Queen (Europe, Australia)","Europe/Australia","Queen","You're My Best Friend"
"SingStar R&B (Europe, Australia)","Europe/Australia","Amerie","1 Thing"
"SingStar R&B (Europe, Australia)","Europe/Australia","Amy Winehouse","Back To Black"
"SingStar R&B (Europe, Australia)","Europe/Australia","Anastacia","I'm Outta Love"
"SingStar R&B (Europe, Australia)","Europe/Australia","Beverley Knight","Come As You Are"
"SingStar R&B (Europe, Australia)","Europe/Australia","Black Eyed Peas","Pump It"
"SingStar R&B (Europe, Australia)","Europe/Australia","Chris Brown","Yo! (Excuse Me Miss)"
"SingStar R&B (Europe, Australia)","Europe/Australia","Christina Milian","AM to PM"
"SingStar R&B (Europe, Australia)","Europe/Australia","Corinne Bailey Rae","I'd Like To"
"SingStar R&B (Europe, Australia)","Europe/Australia","Destiny's Child","Bootylicious"
"SingStar R&B (Europe, Australia)","Europe/Australia","Diana Ross & The Supremes","Baby Love"
"SingStar R&B (Europe, Australia)","Europe/Australia","DJ Jazzy Jeff & The Fresh Prince","Summertime"
"SingStar R&B (Europe, Australia)","Europe/Australia","Edwin Starr","War"
"SingStar R&B (Europe, Australia)","Europe/Australia","En Vogue","My Lovin'"
"SingStar R&B (Europe, Australia)","Europe/Australia","Gwen Stefani","Hollaback Girl"
"SingStar R&B (Europe, Australia)","Europe/Australia","Inner City","Good Life"
"SingStar R&B (Europe, Australia)","Europe/Australia","Jamelia","Thank You"
"SingStar R&B (Europe, Australia)","Europe/Australia","Jamiroquai","Alright"
"SingStar R&B (Europe, Australia)","Europe/Australia","Luther Vandross","Never Too Much"
"SingStar R&B (Europe, Australia)","Europe/Australia","Mark Ronson ft. Daniel Merriweather","Stop Me"
"SingStar R&B (Europe, Australia)","Europe/Australia","Martha Reeves & The Vandellas","Dancing in the Street"
"SingStar R&B (Europe, Australia)","Europe/Australia","Marvin Gaye ft. Tammi Terrell","Ain't No Mountain High Enough"
"SingStar R&B (Europe, Australia)","Europe/Australia","OutKast","Idlewild Blue (Don'tchu Worry 'Bout Me)"
"SingStar R&B (Europe, Australia)","Europe/Australia","Pussycat Dolls","Buttons"
"SingStar R&B (Europe, Australia)","Europe/Australia","Rihanna","We Ride"
"SingStar R&B (Europe, Australia)","Europe/Australia","Salt-N-Pepa","Push It"
"SingStar R&B (Europe, Australia)","Europe/Australia","Sugababes","Ugly"
"SingStar R&B (Europe, Australia)","Europe/Australia","The 411","Dumb"
"SingStar R&B (Europe, Australia)","Europe/Australia","The Four Tops","I Can't Help Myself"
"SingStar R&B (Europe, Australia)","Europe/Australia","Whitney Houston","My Love Is Your Love"
"SingStar R&B (Europe, Australia)","Europe/Australia","Womack & Womack","Teardrops"
"SingStar Rock Ballads (Europe, Australia)","Europe/Australia","Air Supply","All Out of Love"
"SingStar Rock Ballads (Europe, Australia)","Europe/Australia","Alannah Myles","Black Velvet"
"SingStar Rock Ballads (Europe, Australia)","Europe/Australia","Anastacia","Left Outside Alone"
"SingStar Rock Ballads (Europe, Australia)","Europe/Australia","Avril Lavigne","I'm With You"
"SingStar Rock Ballads (Europe, Australia)","Europe/Australia","Boston","More Than A Feeling"
"SingStar Rock Ballads (Europe, Australia)","Europe/Australia","Boy Meets Girl","Waiting For A Star To Fall"
"SingStar Rock Ballads (Europe, Australia)","Europe/Australia","Cutting Crew","(I Just) Died In Your Arms"
"SingStar Rock Ballads (Europe, Australia)","Europe/Australia","Cyndi Lauper","Time After Time"
"SingStar Rock Ballads (Europe, Australia)","Europe/Australia","Duran Duran","Ordinary World"
"SingStar Rock Ballads (Europe, Australia)","Europe/Australia","Europe","Carrie"
"SingStar Rock Ballads (Europe, Australia)","Europe/Australia","Heart","Alone"
"SingStar Rock Ballads (Europe, Australia)","Europe/Australia","Jon Secada","Just Another Day (Without You)"
"SingStar Rock Ballads (Europe, Australia)","Europe/Australia","Lone Star","Amazed"
"SingStar Rock Ballads (Europe, Australia)","Europe/Australia","Marc Cohn","Walking In Memphis"
"SingStar Rock Ballads (Europe, Australia)","Europe/Australia","Meat Loaf","I'd Do Anything For Love (But I Won't Do That)"
"SingStar Rock Ballads (Europe, Australia)","Europe/Australia","Mr. Big","To Be With You"
"SingStar Rock Ballads (Europe, Australia)","Europe/Australia","Mr. Mister","Broken Wings"
"SingStar Rock Ballads (Europe, Australia)","Europe/Australia","Mr. Mister","Kyrie"
"SingStar Rock Ballads (Europe, Australia)","Europe/Australia","Nickelback","How You Remind Me"
"SingStar Rock Ballads (Europe, Australia)","Europe/Australia","Nilsson","Without You"
"SingStar Rock Ballads (Europe, Australia)","Europe/Australia","Poison","Every Rose Has Its Thorn"
"SingStar Rock Ballads (Europe, Australia)","Europe/Australia","Queen","The Show Must Go On"
"SingStar Rock Ballads (Europe, Australia)","Europe/Australia","Roxette","It Must Have Been Love"
"SingStar Rock Ballads (Europe, Australia)","Europe/Australia","Roxette","Listen To Your Heart"
"SingStar Rock Ballads (Europe, Australia)","Europe/Australia","Starship","Nothing's Gonna Stop Us Now"
"SingStar Rock Ballads (Europe, Australia)","Europe/Australia","Sugababes","Too Lost In You"
"SingStar Rock Ballads (Europe, Australia)","Europe/Australia","The Calling","Wherever You Will Go"
"SingStar Rock Ballads (Europe, Australia)","Europe/Australia","Tina Arena","Chains"
"SingStar Rock Ballads (Europe, Australia)","Europe/Australia","Toto","Africa"
"SingStar Rock Ballads (Europe, Australia)","Europe/Australia","T'Pau","China In Your Hand"
"SingStar Rocks! (Europe)","Europe","Bloc Party","Banquet"
"SingStar Rocks! (Europe)","Europe","Blur","Song 2"
"SingStar Rocks! (Europe)","Europe","Bowling for Soup","1985"
"SingStar Rocks! (Europe)","Europe","Coldplay","Speed of Sound"
"SingStar Rocks! (Europe)","Europe","Deep Purple","Smoke on the Water"
"SingStar Rocks! (Europe)","Europe","Franz Ferdinand","Do You Want To"
"SingStar Rocks! (Europe)","Europe","Gwen Stefani","What You Waiting For"
"SingStar Rocks! (Europe)","Europe","Hard-Fi","Hard to Beat"
"SingStar Rocks! (Europe)","Europe","Hole","Celebrity Skin"
"SingStar Rocks! (Europe)","Europe","Jet","Are You Gonna Be My Girl?"
"SingStar Rocks! (Europe)","Europe","Kasabian","Club Foot"
"SingStar Rocks! (Europe)","Europe","Keane","Everybody's Changing"
"SingStar Rocks! (Europe)","Europe","Kings of Leon","The Bucket"
"SingStar Rocks! (Europe)","Europe","KT Tunstall","Black Horse & The Cherry Tree"
"SingStar Rocks! (Europe)","Europe","Maximo Park","Apply Some Pressure"
"SingStar Rocks! (Europe)","Europe","Nirvana","Come As You Are"
"SingStar Rocks! (Europe)","Europe","Queen","Don't Stop Me Now"
"SingStar Rocks! (Europe)","Europe","Queens of the Stone Age","Go with the Flow"
"SingStar Rocks! (Europe)","Europe","Razorlight","Somewhere Else"
"SingStar Rocks! (Europe)","Europe","Scorpions","Wind of Change"
"SingStar Rocks! (Europe)","Europe","Snow Patrol","Run"
"SingStar Rocks! (Europe)","Europe","Stereophonics","Dakota"
"SingStar Rocks! (Europe)","Europe","The Cardigans","My Favorite Game"
"SingStar Rocks! (Europe)","Europe","The Hives","Hate To Say I Told You So"
"SingStar Rocks! (Europe)","Europe","The Killers","Somebody Told Me"
"SingStar Rocks! (Europe)","Europe","The Offspring","Self Esteem"
"SingStar Rocks! (Europe)","Europe","The Rolling Stones","Paint It Black"
"SingStar Rocks! (Europe)","Europe","The White Stripes","Blue Orchid"
"SingStar Rocks! (Europe)","Europe","Thin Lizzy","The Boys Are Back in Town"
"SingStar Singalong with Disney (Europe, Australia)","Europe/Australia","101 Dalmatians","Cruella De Vil"
"SingStar Singalong with Disney (Europe, Australia)","Europe/Australia","Aladdin","A Whole New World"
"SingStar Singalong with Disney (Europe, Australia)","Europe/Australia","The Aristocats","Ev'rybody Wants To Be A Cat"
"SingStar Singalong with Disney (Europe, Australia)","Europe/Australia","Beauty and the Beast","Beauty And The Beast"
"SingStar Singalong with Disney (Europe, Australia)","Europe/Australia","Cinderella","Bibbidi-Bobbidi-Boo"
"SingStar Singalong with Disney (Europe, Australia)","Europe/Australia","Cinderella","The Work Song"
"SingStar Singalong with Disney (Europe, Australia)","Europe/Australia","The Jungle Book","Bare Necessities"
"SingStar Singalong with Disney (Europe, Australia)","Europe/Australia","The Jungle Book","I Wan'na Be Like You"
"SingStar Singalong with Disney (Europe, Australia)","Europe/Australia","Lady and the Tramp","He's A Tramp"
"SingStar Singalong with Disney (Europe, Australia)","Europe/Australia","The Lion King","The Circle Of Life"
"SingStar Singalong with Disney (Europe, Australia)","Europe/Australia","The Lion King","I Just Can't Wait To Be King"
"SingStar Singalong with Disney (Europe, Australia)","Europe/Australia","The Little Mermaid","Kiss The Girl"
"SingStar Singalong with Disney (Europe, Australia)","Europe/Australia","The Little Mermaid","Under The Sea"
"SingStar Singalong with Disney (Europe, Australia)","Europe/Australia","Peter Pan","Following The Leader"
"SingStar Singalong with Disney (Europe, Australia)","Europe/Australia","Peter Pan","You Can Fly! You Can Fly! You Can Fly!"
"SingStar Singalong with Disney (Europe, Australia)","Europe/Australia","Sleeping Beauty","I Wonder"
"SingStar Singalong with Disney (Europe, Australia)","Europe/Australia","Sleeping Beauty","Once Upon A Dream"
"SingStar Singalong with Disney (Europe, Australia)","Europe/Australia","Tarzan","Son Of Man"
"SingStar Singalong with Disney (Europe, Australia)","Europe/Australia","Toy Story","You've Got A Friend In Me"
"SingStar Singalong with Disney (Europe, Australia)","Europe/Australia","Winnie the Pooh","Winnie The Pooh"